[
    {
        "Turf Name": "KV 1 Ground",
        "Latitude": 12.5005448,
        "Longitude": 80.1577291
    },
    {
        "Turf Name": "Dolphin Sports Academy",
        "Latitude": 13.1207166,
        "Longitude": 80.1415311
    },
    {
        "Turf Name": "Unknown Turf",
        "Latitude": 12.9213953,
        "Longitude": 80.1698356
    },
    {
        "Turf Name": "Unknown Turf",
        "Latitude": 12.7791419,
        "Longitude": 78.7191625
    },
    {
        "Turf Name": "volleyball ground",
        "Latitude": 11.913535,
        "Longitude": 79.6685596
    },
    {
        "Turf Name": "Unknown Turf",
        "Latitude": 11.918403,
        "Longitude": 79.8253216
    },
    {
        "Turf Name": "Volley Ball ground",
        "Latitude": 12.9262562,
        "Longitude": 80.1233497
    },
    {
        "Turf Name": "NESCO indoor badminton court",
        "Latitude": 12.5061362,
        "Longitude": 80.1572481
    },
    {
        "Turf Name": "Unknown Turf",
        "Latitude": 12.9982523,
        "Longitude": 80.2398038
    },
    {
        "Turf Name": "Cricket nets",
        "Latitude": 12.8505459,
        "Longitude": 80.2312463
    },
    {
        "Turf Name": "Basketball gorund",
        "Latitude": 12.9176962,
        "Longitude": 80.1232227
    },
    {
        "Turf Name": "Unknown Turf",
        "Latitude": 12.9094197,
        "Longitude": 80.172005
    },
    {
        "Turf Name": "Unknown Turf",
        "Latitude": 12.908881,
        "Longitude": 80.1729049
    },
    {
        "Turf Name": "Unknown Turf",
        "Latitude": 12.91004,
        "Longitude": 80.1728475
    },
    {
        "Turf Name": "Unknown Turf",
        "Latitude": 12.9110353,
        "Longitude": 80.1734398
    },
    {
        "Turf Name": "Pacifica Aurum Clicket GGround",
        "Latitude": 12.8030339,
        "Longitude": 80.2130995
    },
    {
        "Turf Name": "Basket ball ground",
        "Latitude": 12.8713526,
        "Longitude": 80.2200279
    },
    {
        "Turf Name": "Badminton Court",
        "Latitude": 12.8804279,
        "Longitude": 79.1217085
    },
    {
        "Turf Name": "kottamarudur play grounf",
        "Latitude": 11.9986298,
        "Longitude": 79.1904898
    }
]