[
    {
        "Turf Name": "Buial Ground AKA Sastri Maidhanam",
        "Latitude": 11.0065984,
        "Longitude": 76.9490231,
        "Phone Number": "+91 7550080015"
    },
    {
        "Turf Name": "KV 1 Ground",
        "Latitude": 12.5005448,
        "Longitude": 80.1577291,
        "Phone Number": "+91 7550080015"
    },
    {
        "Turf Name": "Dolphin Sports Academy",
        "Latitude": 13.1207166,
        "Longitude": 80.1415311,
        "Phone Number": "+91 7550080015"
    },
    {
        "Turf Name": "VET Cricket Ground",
        "Latitude": 12.9088775,
        "Longitude": 77.5924507,
        "Phone Number": "+91 7550080015"
    },
    {
        "Turf Name": "Sports Authority of India",
        "Latitude": 12.9410456,
        "Longitude": 77.515395,
        "Phone Number": "+91 7550080015"
    },
    {
        "Turf Name": "Liseux play ground",
        "Latitude": 11.0214718,
        "Longitude": 76.9437074,
        "Phone Number": "+91 7550080015"
    },
    {
        "Turf Name": "Government scool playground",
        "Latitude": 12.6808128,
        "Longitude": 77.4706732,
        "Phone Number": "+91 7550080015"
    },
    {
        "Turf Name": "APS Playground",
        "Latitude": 12.940068,
        "Longitude": 77.5686776,
        "Phone Number": "+91 7550080015"
    },
    {
        "Turf Name": "Unknown Turf",
        "Latitude": 12.9209676,
        "Longitude": 77.5892115,
        "Phone Number": "+91 7550080015"
    },
    {
        "Turf Name": "Unknown Turf",
        "Latitude": 12.9213953,
        "Longitude": 80.1698356,
        "Phone Number": "+91 7550080015"
    },
    {
        "Turf Name": "CSI School Playyground",
        "Latitude": 10.9638597,
        "Longitude": 78.0806166,
        "Phone Number": "+91 7550080015"
    },
    {
        "Turf Name": "Unknown Turf",
        "Latitude": 12.9111893,
        "Longitude": 77.5451491,
        "Phone Number": "+91 7550080015"
    },
    {
        "Turf Name": "Unknown Turf",
        "Latitude": 12.9114769,
        "Longitude": 77.5450633,
        "Phone Number": "+91 7550080015"
    },
    {
        "Turf Name": "National College Playground",
        "Latitude": 12.925529,
        "Longitude": 77.5785262,
        "Phone Number": "+91 7550080015"
    },
    {
        "Turf Name": "Government College Cricket Ground",
        "Latitude": 13.0168582,
        "Longitude": 76.1011244,
        "Phone Number": "+91 7550080015"
    },
    {
        "Turf Name": "Unknown Turf",
        "Latitude": 12.7791419,
        "Longitude": 78.7191625,
        "Phone Number": "+91 7550080015"
    },
    {
        "Turf Name": "volleyball ground",
        "Latitude": 11.913535,
        "Longitude": 79.6685596,
        "Phone Number": "+91 7550080015"
    },
    {
        "Turf Name": "MPM basketball ground",
        "Latitude": 11.3378936,
        "Longitude": 76.278233,
        "Phone Number": "+91 7550080015"
    },
    {
        "Turf Name": "Unknown Turf",
        "Latitude": 11.918403,
        "Longitude": 79.8253216,
        "Phone Number": "+91 7550080015"
    },
    {
        "Turf Name": "Stadium Volleyball Court",
        "Latitude": 13.0188152,
        "Longitude": 76.1027993,
        "Phone Number": "+91 7550080015"
    },
    {
        "Turf Name": "Unknown Turf",
        "Latitude": 10.6050033,
        "Longitude": 76.0377608,
        "Phone Number": "+91 7550080015"
    },
    {
        "Turf Name": "Unknown Turf",
        "Latitude": 10.5983968,
        "Longitude": 76.0383884,
        "Phone Number": "+91 7550080015"
    },
    {
        "Turf Name": "Unknown Turf",
        "Latitude": 12.8777487,
        "Longitude": 77.5985435,
        "Phone Number": "+91 7550080015"
    },
    {
        "Turf Name": "Volley Ball ground",
        "Latitude": 12.9262562,
        "Longitude": 80.1233497,
        "Phone Number": "+91 7550080015"
    },
    {
        "Turf Name": "NESCO indoor badminton court",
        "Latitude": 12.5061362,
        "Longitude": 80.1572481,
        "Phone Number": "+91 7550080015"
    },
    {
        "Turf Name": "Unknown Turf",
        "Latitude": 12.8480047,
        "Longitude": 77.656492,
        "Phone Number": "+91 7550080015"
    },
    {
        "Turf Name": "Table Tennis Court",
        "Latitude": 12.8436748,
        "Longitude": 77.6626686,
        "Phone Number": "+91 7550080015"
    },
    {
        "Turf Name": "Unknown Turf",
        "Latitude": 13.3154638,
        "Longitude": 76.9134572,
        "Phone Number": "+91 7550080015"
    },
    {
        "Turf Name": "Unknown Turf",
        "Latitude": 13.315468,
        "Longitude": 76.9134082,
        "Phone Number": "+91 7550080015"
    },
    {
        "Turf Name": "basket ball court",
        "Latitude": 10.6270848,
        "Longitude": 76.1445042,
        "Phone Number": "+91 7550080015"
    },
    {
        "Turf Name": "Unknown Turf",
        "Latitude": 13.3515221,
        "Longitude": 76.9121019,
        "Phone Number": "+91 7550080015"
    },
    {
        "Turf Name": "Unknown Turf",
        "Latitude": 10.145298,
        "Longitude": 76.2345344,
        "Phone Number": "+91 7550080015"
    },
    {
        "Turf Name": "NASC",
        "Latitude": 10.4351595,
        "Longitude": 76.0892889,
        "Phone Number": "+91 7550080015"
    },
    {
        "Turf Name": "Chittilappilly Ground",
        "Latitude": 10.5628856,
        "Longitude": 76.1564653,
        "Phone Number": "+91 7550080015"
    },
    {
        "Turf Name": "Edakkalathur Vadakumury Ground",
        "Latitude": 10.5961456,
        "Longitude": 76.1203624,
        "Phone Number": "+91 7550080015"
    },
    {
        "Turf Name": "Puzhakattiri punchayat playground",
        "Latitude": 10.9735089,
        "Longitude": 76.1315848,
        "Phone Number": "+91 7550080015"
    },
    {
        "Turf Name": "Unknown Turf",
        "Latitude": 12.306813,
        "Longitude": 76.644238,
        "Phone Number": "+91 7550080015"
    },
    {
        "Turf Name": "Unknown Turf",
        "Latitude": 12.9982523,
        "Longitude": 80.2398038,
        "Phone Number": "+91 7550080015"
    },
    {
        "Turf Name": "Unknown Turf",
        "Latitude": 12.8824032,
        "Longitude": 77.5701098,
        "Phone Number": "+91 7550080015"
    },
    {
        "Turf Name": "Unknown Turf",
        "Latitude": 12.9877536,
        "Longitude": 77.6624285,
        "Phone Number": "+91 7550080015"
    },
    {
        "Turf Name": "Unknown Turf",
        "Latitude": 10.1888576,
        "Longitude": 76.2026712,
        "Phone Number": "+91 7550080015"
    },
    {
        "Turf Name": "The Cave",
        "Latitude": 13.0695626,
        "Longitude": 77.6233527,
        "Phone Number": "+91 988 633 0646"
    },
    {
        "Turf Name": "Canara computer field",
        "Latitude": 12.8526374,
        "Longitude": 77.6579914,
        "Phone Number": "+91 7550080015"
    },
    {
        "Turf Name": "MCE Hockey Ground",
        "Latitude": 10.5941617,
        "Longitude": 78.7650844,
        "Phone Number": "+91 7550080015"
    },
    {
        "Turf Name": "Volley Ball Court MEA Engineering College",
        "Latitude": 11.0380334,
        "Longitude": 76.2621936,
        "Phone Number": "+91 7550080015"
    },
    {
        "Turf Name": "YMCA Basket Ball Ground",
        "Latitude": 10.6498548,
        "Longitude": 76.0624017,
        "Phone Number": "+91 7550080015"
    },
    {
        "Turf Name": "Star sports",
        "Latitude": 10.5777,
        "Longitude": 76.1585343,
        "Phone Number": "+91 7550080015"
    },
    {
        "Turf Name": "Unknown Turf",
        "Latitude": 13.0598293,
        "Longitude": 77.5190337,
        "Phone Number": "+91 7550080015"
    },
    {
        "Turf Name": "Spikers NSSCE",
        "Latitude": 10.8247658,
        "Longitude": 76.6423763,
        "Phone Number": "+91 7550080015"
    },
    {
        "Turf Name": "FIBC Friends Indoor Batminton Club.",
        "Latitude": 10.6902663,
        "Longitude": 76.0353426,
        "Phone Number": "+91 7550080015"
    },
    {
        "Turf Name": "Subhash Nagar Indoor Badminton Court",
        "Latitude": 10.0234524,
        "Longitude": 76.2943356,
        "Phone Number": "+91 7550080015"
    },
    {
        "Turf Name": "Unknown Turf",
        "Latitude": 10.0271643,
        "Longitude": 76.5983774,
        "Phone Number": "+91 7550080015"
    },
    {
        "Turf Name": "Unknown Turf",
        "Latitude": 10.2339162,
        "Longitude": 76.300467,
        "Phone Number": "+91 7550080015"
    },
    {
        "Turf Name": "Unknown Turf",
        "Latitude": 10.0603629,
        "Longitude": 76.6192768,
        "Phone Number": "+91 7550080015"
    },
    {
        "Turf Name": "High School Basketball Court",
        "Latitude": 11.3611316,
        "Longitude": 76.0123382,
        "Phone Number": "+91 7550080015"
    },
    {
        "Turf Name": "Cricket Pitch",
        "Latitude": 10.0138027,
        "Longitude": 76.2756492,
        "Phone Number": "+91 7550080015"
    },
    {
        "Turf Name": "Unknown Turf",
        "Latitude": 10.0139848,
        "Longitude": 76.2753402,
        "Phone Number": "+91 7550080015"
    },
    {
        "Turf Name": "K m b v m Basketball Court",
        "Latitude": 10.5858846,
        "Longitude": 76.1995643,
        "Phone Number": "+91 7550080015"
    },
    {
        "Turf Name": "Kallayi Badminton Club",
        "Latitude": 11.2631289,
        "Longitude": 76.0202143,
        "Phone Number": "+91 7550080015"
    },
    {
        "Turf Name": "Crescent UP School",
        "Latitude": 11.3284054,
        "Longitude": 76.3296356,
        "Phone Number": "+91 7550080015"
    },
    {
        "Turf Name": "Gourmet Basketball Court",
        "Latitude": 12.9338933,
        "Longitude": 77.6059367,
        "Phone Number": "+91 7550080015"
    },
    {
        "Turf Name": "Unknown Turf",
        "Latitude": 11.297745,
        "Longitude": 76.2457443,
        "Phone Number": "+91 7550080015"
    },
    {
        "Turf Name": "Cricket nets",
        "Latitude": 12.8505459,
        "Longitude": 80.2312463,
        "Phone Number": "+91 7550080015"
    },
    {
        "Turf Name": "Cosmos Volley Court",
        "Latitude": 10.0983042,
        "Longitude": 76.31814,
        "Phone Number": "+91 7550080015"
    },
    {
        "Turf Name": "Unknown Turf",
        "Latitude": 10.0086371,
        "Longitude": 77.0340846,
        "Phone Number": "+91 7550080015"
    },
    {
        "Turf Name": "souhrudha volleyball court",
        "Latitude": 10.4123195,
        "Longitude": 76.2460902,
        "Phone Number": "+91 7550080015"
    },
    {
        "Turf Name": "classic parappukkara",
        "Latitude": 10.4032962,
        "Longitude": 76.2491773,
        "Phone Number": "+91 7550080015"
    },
    {
        "Turf Name": "FUT OUT Football Turf",
        "Latitude": 11.0069061,
        "Longitude": 76.12675,
        "Phone Number": "+91 7550080015"
    },
    {
        "Turf Name": "Unknown Turf",
        "Latitude": 10.1566673,
        "Longitude": 76.283006,
        "Phone Number": "+91 7550080015"
    },
    {
        "Turf Name": "Unknown Turf",
        "Latitude": 10.5107655,
        "Longitude": 76.2184912,
        "Phone Number": "+91 7550080015"
    },
    {
        "Turf Name": "Turf",
        "Latitude": 10.0716205,
        "Longitude": 76.5954475,
        "Phone Number": "+91 7550080015"
    },
    {
        "Turf Name": "Don Bosco Basketball Court",
        "Latitude": 10.3430546,
        "Longitude": 76.2251706,
        "Phone Number": "+91 7550080015"
    },
    {
        "Turf Name": "Karaikudi Badminton Club",
        "Latitude": 10.0706229,
        "Longitude": 78.7901008,
        "Phone Number": "+91 7550080015"
    },
    {
        "Turf Name": "Kl10 soccer live football turf",
        "Latitude": 11.082746,
        "Longitude": 76.1520407,
        "Phone Number": "+91 7550080015"
    },
    {
        "Turf Name": "Play City Indoor Badminton Court",
        "Latitude": 10.7404542,
        "Longitude": 76.02864,
        "Phone Number": "+91 7550080015"
    },
    {
        "Turf Name": "Big Bro Indoor Arena",
        "Latitude": 10.1893176,
        "Longitude": 76.2143553,
        "Phone Number": "+91 7550080015"
    },
    {
        "Turf Name": "CALCIO THE FOOTBALL MEADOW",
        "Latitude": 10.0588372,
        "Longitude": 76.6386478,
        "Phone Number": "+91 7550080015"
    },
    {
        "Turf Name": "Rajagiri basketball court",
        "Latitude": 10.0529172,
        "Longitude": 76.3146003,
        "Phone Number": "+91 7550080015"
    },
    {
        "Turf Name": "M Club Vollyball Ground",
        "Latitude": 10.3024292,
        "Longitude": 76.1829184,
        "Phone Number": "+91 7550080015"
    },
    {
        "Turf Name": "Atria University",
        "Latitude": 13.0321754,
        "Longitude": 77.5915194,
        "Phone Number": "+91 7550080015"
    },
    {
        "Turf Name": "tennis court",
        "Latitude": 10.0540853,
        "Longitude": 76.379472,
        "Phone Number": "+91 7550080015"
    },
    {
        "Turf Name": "Ace Badminton Academy Chungathara",
        "Latitude": 11.3324435,
        "Longitude": 76.2761228,
        "Phone Number": "+91 7550080015"
    },
    {
        "Turf Name": "Unknown Turf",
        "Latitude": 10.1000361,
        "Longitude": 76.4902297,
        "Phone Number": "+91 7550080015"
    },
    {
        "Turf Name": "Unknown Turf",
        "Latitude": 10.0975619,
        "Longitude": 76.4945246,
        "Phone Number": "+91 7550080015"
    },
    {
        "Turf Name": "Unknown Turf",
        "Latitude": 10.1126095,
        "Longitude": 76.5184414,
        "Phone Number": "+91 7550080015"
    },
    {
        "Turf Name": "Basketball gorund",
        "Latitude": 12.9176962,
        "Longitude": 80.1232227,
        "Phone Number": "+91 7550080015"
    },
    {
        "Turf Name": "Unknown Turf",
        "Latitude": 10.905636,
        "Longitude": 76.4361281,
        "Phone Number": "+91 7550080015"
    },
    {
        "Turf Name": "Unknown Turf",
        "Latitude": 12.3115369,
        "Longitude": 77.1329515,
        "Phone Number": "+91 7550080015"
    },
    {
        "Turf Name": "Match Box Turf",
        "Latitude": 11.1924595,
        "Longitude": 76.2458945,
        "Phone Number": "N/A"
    },
    {
        "Turf Name": "Unknown Turf",
        "Latitude": 12.9094197,
        "Longitude": 80.172005,
        "Phone Number": "N/A"
    },
    {
        "Turf Name": "Unknown Turf",
        "Latitude": 12.908881,
        "Longitude": 80.1729049,
        "Phone Number": "N/A"
    },
    {
        "Turf Name": "Unknown Turf",
        "Latitude": 12.91004,
        "Longitude": 80.1728475,
        "Phone Number": "N/A"
    },
    {
        "Turf Name": "Unknown Turf",
        "Latitude": 12.9110353,
        "Longitude": 80.1734398,
        "Phone Number": "N/A"
    },
    {
        "Turf Name": "Unknown Turf",
        "Latitude": 11.0625261,
        "Longitude": 76.3352685,
        "Phone Number": "N/A"
    },
    {
        "Turf Name": "Unknown Turf",
        "Latitude": 11.0624061,
        "Longitude": 76.335271,
        "Phone Number": "N/A"
    },
    {
        "Turf Name": "Unknown Turf",
        "Latitude": 11.0626888,
        "Longitude": 76.3356499,
        "Phone Number": "N/A"
    },
    {
        "Turf Name": "ROW Cricket Nets",
        "Latitude": 12.9664718,
        "Longitude": 77.7279846,
        "Phone Number": "N/A"
    },
    {
        "Turf Name": "Unknown Turf",
        "Latitude": 12.936111,
        "Longitude": 77.7211062,
        "Phone Number": "N/A"
    },
    {
        "Turf Name": "STP Water Treatment",
        "Latitude": 13.2262768,
        "Longitude": 77.5460208,
        "Phone Number": "N/A"
    },
    {
        "Turf Name": "Volleyball Court",
        "Latitude": 13.2285929,
        "Longitude": 77.5482433,
        "Phone Number": "N/A"
    },
    {
        "Turf Name": "Unknown Turf",
        "Latitude": 11.2300926,
        "Longitude": 76.0538122,
        "Phone Number": "N/A"
    },
    {
        "Turf Name": "Basketball Court",
        "Latitude": 11.0790249,
        "Longitude": 76.9899943,
        "Phone Number": "N/A"
    },
    {
        "Turf Name": "Unknown Turf",
        "Latitude": 10.1794115,
        "Longitude": 76.2442835,
        "Phone Number": "N/A"
    },
    {
        "Turf Name": "Pacifica Aurum Clicket GGround",
        "Latitude": 12.8030339,
        "Longitude": 80.2130995,
        "Phone Number": "N/A"
    },
    {
        "Turf Name": "Aim badminton academy",
        "Latitude": 10.868054,
        "Longitude": 76.2259001,
        "Phone Number": "N/A"
    },
    {
        "Turf Name": "Kerala Forest & Wildlife Department Indoor Court Badminton court",
        "Latitude": 10.8366051,
        "Longitude": 76.8494632,
        "Phone Number": "N/A"
    },
    {
        "Turf Name": "S3 Cricket Academy",
        "Latitude": 10.602288,
        "Longitude": 76.4908533,
        "Phone Number": "N/A"
    },
    {
        "Turf Name": "Badminton ground Playground",
        "Latitude": 10.6024747,
        "Longitude": 76.4965456,
        "Phone Number": "N/A"
    },
    {
        "Turf Name": "Unknown Turf",
        "Latitude": 12.9659546,
        "Longitude": 77.6122545,
        "Phone Number": "N/A"
    },
    {
        "Turf Name": "Fire and Safety Ground",
        "Latitude": 10.0480159,
        "Longitude": 76.3303211,
        "Phone Number": "N/A"
    },
    {
        "Turf Name": "field",
        "Latitude": 10.6462265,
        "Longitude": 76.5392334,
        "Phone Number": "N/A"
    },
    {
        "Turf Name": "Unknown Turf",
        "Latitude": 12.9194753,
        "Longitude": 77.4355422,
        "Phone Number": "N/A"
    },
    {
        "Turf Name": "KV Table Tennis and Carrom Room",
        "Latitude": 13.106717,
        "Longitude": 77.5996737,
        "Phone Number": "N/A"
    },
    {
        "Turf Name": "MP Sports Arena",
        "Latitude": 12.8749413,
        "Longitude": 77.6161595,
        "Phone Number": "N/A"
    },
    {
        "Turf Name": "Tennis Gurukul",
        "Latitude": 12.8995858,
        "Longitude": 77.6782177,
        "Phone Number": "N/A"
    },
    {
        "Turf Name": "Basket ball ground",
        "Latitude": 12.8713526,
        "Longitude": 80.2200279,
        "Phone Number": "N/A"
    },
    {
        "Turf Name": "Badminton Court",
        "Latitude": 12.8804279,
        "Longitude": 79.1217085,
        "Phone Number": "N/A"
    },
    {
        "Turf Name": "Turf",
        "Latitude": 10.2607147,
        "Longitude": 76.213009,
        "Phone Number": "N/A"
    },
    {
        "Turf Name": "kottamarudur play grounf",
        "Latitude": 11.9986298,
        "Longitude": 79.1904898,
        "Phone Number": "N/A"
    }
]